{
  "Name": "Vanilla Hair 09-Edited",
  "FrontHair": {
    "StartingPosition": {
      "X": 0,
      "Y": 0
    },
    "HeadPosition": {
      "X": 0,
      "Y": 16
    },
    "HairSize": {
      "Width": 16,
      "Length": 32
    },
    "RequireAnimationToFinish": true,
    "MovementAnimation": [
      {
        "Frame": 0,
        "Duration": 100
      },
      {
        "Frame": 1,
        "Duration": 100
      },
      {
        "Frame": 2,
        "Duration": 100
      },
    ],
  },
  "RightHair": {
    "StartingPosition": {
      "X": 0,
      "Y": 32
    },
    "HeadPosition": {
      "X": 0,
      "Y": 16
    },
    "HairSize": {
      "Width": 16,
      "Length": 32
    },
    "RequireAnimationToFinish": true,
    "MovementAnimation": [
      {
        "Frame": 0,
        "Duration": 100
      },
      {
        "Frame": 1,
        "Duration": 100
      },
      {
        "Frame": 2,
        "Duration": 100
      },
    ],
  },
  "LeftHair": {
    "StartingPosition": {
      "X": 0,
      "Y": 64
    },
    "HeadPosition": {
      "X": 0,
      "Y": 16
    },
    "HairSize": {
      "Width": 16,
      "Length": 32
    },
    "RequireAnimationToFinish": true,
    "MovementAnimation": [
      {
        "Frame": 0,
        "Duration": 100
      },
      {
        "Frame": 1,
        "Duration": 100
      },
      {
        "Frame": 2,
        "Duration": 100
      },
    ],
  },
  "BackHair": {
    "StartingPosition": {
      "X": 0,
      "Y": 96
    },
    "HeadPosition": {
      "X": 0,
      "Y": 16
    },
    "HairSize": {
      "Width": 16,
      "Length": 32
    },
    "RequireAnimationToFinish": true,
    "MovementAnimation": [
      {
        "Frame": 0,
        "Duration": 100
      },
      {
        "Frame": 1,
        "Duration": 100
      },
      {
        "Frame": 2,
        "Duration": 100
      },
    ],
  },
}	
	
	