{
    "Name": "Snuff",
    "Description": "Good for making spliffs and smoking alone.",
    "Category": "ArtisanGoods",
    "Edibility": -300,
    "Price": 25,
    "IsColored": false,
    "Recipe": null,
    "NameLocalization":
    {
        "es": "Snuff",
        // "ko": "",
        "de": "Schnupftabak",
        // "fr": "",
        // "hu": "",
        // "it": "",
        // "ja": "",
        "pt": "Snuff",
        // "ru": "",
        // "tr": "",
        "zh": "鼻烟",
    },
    "DescriptionLocalization":
    {
        "es": "Bueno para hacer cigarros y fumarlos sólo.",
        // "ko": "",
        "de": "Gut um alleine zu Rauchen und Spaß zu haben",
        // "fr": "",
        // "hu": "",
        // "it": "",
        // "ja": "",
        "pt": "Bom para fazer cigarro e fumá-los sozinho",
        // "ru": "",
        // "tr": "",
        "zh": "适合制成卷烟或者独自吸烟。",
    }
}