{
    "Name": "Hybrid",
    "Product": "Hybrid",
    "SeedName": "Hybrid Starter",
    "SeedDescription": "Plant these in the summer or fall. Takes 13 days to mature, afterwards it continues to produce every 3 days.",
    "Type": "Flower",
    "Seasons": ["summer", "fall"],
    "Phases": [2, 3, 4, 4, 3],
    "RegrowthPhase": 3,
    "HarvestWithScythe": false,
    "TrellisCrop": true,
    "Colors": null,
    "Bonus":
    {
        "MinimumPerHarvest": 1,
        "MaximumPerHarvest": 3,
        "MaxIncreasePerFarmLevel": 5,
        "ExtraChance": 0.2,
    },

    "SeedPurchaseFrom": "Harvey",
    "SeedPurchasePrice": 200,
    "SeedNameLocalization":
    {
         "es": "Iniciador de Híbrido",
         "ko": "하이브리드",
         "de": "Hybrid",
         // "fr": "",
         // "hu": "",
         // "it": "",
         // "ja": "",
         // "pt": "Iniciador Híbrido",
         // "ru": "",
         // "tr": "",
         "zh": "混合大麻",
    },
    "SeedDescriptionLocalization":
    {
         "es": "Plantalo en el verano o otoño. Tarda 13 días en madurar, continua produciendo cada 3 días.",
         "ko": "여름이나 가을에 심으세요. 성숙 기간은 13일이며, 그 후 생산은 3일마다 계속된다.",
         "de": "Pflanzen Sie diese im Sommer oder Herbst. Die Reifezeit beträgt 13 Tage, danach wird die Produktion alle 3 Tage fortgesetzt.",
         // "fr": "",
         // "hu": "",
         // "it": "",
         // "ja": "",
         "pt": "Plante-o no verão ou outono. Leva 13 dias para amadurecer e continua produzindo a cada 3 dias.",
         // "ru": "",
         // "tr": "",
         "zh": "夏天或秋天播种。13天成熟，之后每3天收获一次。",
    }
}