{
    "Name": "Weed-Infused Skooma",
    "Description": "It comes from a land filled with dragons.",
    "Category": "Crafting",
    "Edibility": 18,
    "EdibleIsDrink": true,
    "EdibleBuffs":
    {
        "Farming": 0,
        "Foraging": 0,
        "Mining": 0,
        "Fishing": 0,
        "Luck": 0,
        "Foraging": 0,
        "MaxStamina": 0,
        "MagnetRadius": 0,
        "Speed": 2,
        "Defense": 0,
        "Attack": 0,
        "Duration": 120,
    },
    "Price": 500,
    "IsColored": false,
    "Recipe":
    {
        "ResultCount": 1,
        "Ingredients": [
        {
            "Object": 245,
            "Count": 1,
        },
        {
            "Object": 566,
            "Count": 1,
        },
        {
            "Object": "Cannabis",
            "Count": 5,
        }],
        "CanPurchase": true,
        "PurchaseFrom": "Krobus",
        "PurchasePrice": 5500,
        "PurchaseRequirements": null,
    },
    "GiftTastes":
    {
        "Love": ["Linus", "Gus", "Pam", "Emily", "Sandy"],
        "Hate": ["Jas", "Vincent"],
    },
    "NameLocalization":
    {
        "es": "Skooma infuso con hierba",
        // "ko": "",
        "de": "Weed-Infused Skooma",
        // "fr": "",
        // "hu": "",
        // "it": "",
        // "ja": "",
        // "pt": "Skooma Infundido em Ervas",
        // "ru": "",
        // "tr": "",
        "zh": "大麻斯古玛",
    },
    "DescriptionLocalization":
    {
        "es": "Proviene de una tierra llena de dragones.",
        // "ko": "",
        "de": "Es kommt aus einem Land voller Drachen.",
        // "fr": "",
        // "hu": "",
        // "it": "",
        // "ja": "",
        "pt": "Provêm de uma terra cheia de dragões.",
        // "ru": "",
        // "tr": "",
        "zh": "它来自一片遍布着龙的大地。（可能出梗自上古卷轴）",
    }
}