{
    "Name": "Hemp",
    "Description": "A variant of the sativa species with little to no THC, hemp can be used in a variety of industrial settings.",
    "Category": "Flower",
    "Edibility": 18,
    "Price": 70,
    "IsColored": false,
    "Recipe": null,
    "GiftTastes":
    {
        "Love": ["Robin", "Demetrius", "Emily", "Linus", "Clint", "Marnie"],
        "Neutral": ["Sam", "Sebastian", "Pierre", "Penny", "Pam", "Kent", "Abigail", "Elliott", "Harvey", "Willy"],
        "Hate": ["Jas", "Vincent"],
    },
    "NameLocalization":
    {
         "es": "Cañamo",
         // "ko": "",
         "de": "Hanf",
         // "fr": "",
         // "hu": "",
         // "it": "",
         // "ja": "",
         "pt": "Cânhamo",
         // "ru": "",
         // "tr": "",
         "zh": "工业大麻",
    },
    "DescriptionLocalization":
    {
         "es": "Una variante de las especies sativas con a nada THC, el cañamo puede ser usado en una variedad de entornos industriales.",
         // "ko": "",
         "de": "Hanf ist eine Variante der Sativa-Art mit wenig bis gar keinem THC und kann in einer Vielzahl von industriellen Umgebungen eingesetzt werden.",
         // "fr": "",
         // "hu": "",
         // "it": "",
         // "ja": "",
         "pt": "Uma variante das espécies de maconha que não interfere no THC. Pode ser usado em uma variedade de produtos industriais.",
         // "ru": "",
         // "tr": "",
         "zh": "一种几乎不含四氢大麻酚的苜蓿大麻变种，可被用于各种各样的工业环境。",
    },
    "ContextTags": [
        "season_spring",
        "season_summer",
        "season_fall",
        "flower_item",
        "flower_cannabinoid",
        "trellis_item"
    ]
}
