{
    "Name": "Shatter",
    "Description": "A type of cannabis concentrate, a smooth, glassy substance that’s significantly more potent when smoked.",
    "Category": "ArtisanGoods",
    "Edibility": 18,
    "EdibleIsDrink": false,
    "EdibleBuffs":
    {
        "Farming": 0,
        "Foraging": 0,
        "Mining": 0,
        "Fishing": 0,
        "Luck": 5,
        "Speed": -2,
        "Duration": 450,
    },
    "Price": 100,
    "IsColored": false,
    "Recipe": null,
    "GiftTastes":
    {
        "Love": ["Harvey", "Kent"],
        "Neutral": ["Krobus", "Evelyn", "Pierre", "Caroline", "Jodi", "Sam", "Sebastian", "Penny", "Pam", "Abigail", "Elliott", "Willy", "George"],
        "Hate": ["Jas", "Vincent"],
    },
    "NameLocalization":
    {
        "es": "Destrozador",
        // "ko": "",
        "de": "Shatter",
        // "fr": "",
        // "hu": "",
        // "it": "",
        // "ja": "",
        "pt": "Destroçador",
        // "ru": "",
        // "tr": "",
        "zh": "大麻浓缩油",
    },
    "DescriptionLocalization":
    {
        "es": "Un tipo de concentrado de cannabis, una suave y brillante sustancia que es mucho más potente cuando se fuma.",
        // "ko": "",
        "de": "Eine Art von Cannabiskonzentrat, eine glatte, glasartige Substanz, die beim Rauchen wesentlich wirksamer ist.",
        // "fr": "",
        // "hu": "",
        // "it": "",
        // "ja": "",
        "pt": "Um tipo de concentrado de maconha, uma substância suave e brilhante que é muito mais potente quando fumada.",
        // "ru": "",
        // "tr": "",
        "zh": "一种光滑玻璃状的大麻浓缩油，效果明显更加强力。",
    }
}