{
    "Name": "Girl Scout Cookies",
    "Product": "Girl Scout Cookies",
    "SeedName": "Girl Scout Cookies Starter",
    "SeedDescription": "With a sweet and earthy aroma, a little goes a long way with this hybrid. Plant these in the summer or fall. Takes 13 days to mature, afterwards it continues to produce every 3 days.",
    "Type": "Flower",
    "Seasons": ["summer", "fall"],
    "Phases": [2, 3, 4, 4, 3],
    "RegrowthPhase": 3,
    "HarvestWithScythe": false,
    "TrellisCrop": true,
    "Colors": null,
    "Bonus":
    {
        "MinimumPerHarvest": 3,
        "MaximumPerHarvest": 5,
        "MaxIncreasePerFarmLevel": 5,
        "ExtraChance": 0.1,
    },
    "SeedPurchaseFrom": "Harvey",
    "SeedPurchasePrice": 400,
    "SeedNameLocalization":
    {
        "es": "Iniciador de Galleta de Chica Exploradora",
        "ko": "걸스카우트 쿠키",
        "de": "Pfadfinderkeks",
        // "fr": "",
        // "hu": "",
        // "it": "",
        // "ja": "",
        "pt": "Iniciador de Biscoitos Menina Exploradora",
        // "ru": "",
        // "tr": "",
        "zh": "女童军饼干种子",
    },
    "SeedDescriptionLocalization":
    {
        "es": "Con un aroma dulce y terroso, uno recorre un largo camino con este híbrido. Platalo en el verano o otoño. Tarda 13 días en madurar, sigue produciendo cada 3 días.",
        "ko": "달콤하고 상쾌한 향기로, 이 혼합물은 좋은 몸매를 가지고 있다. 여름이나 가을에 심으세요. 성숙 기간은 13일이며, 그 후 생산은 3일마다 계속된다.",
        "de": "Mit seinem süßen und erdigen Aroma macht dieser Hybrid eine gute Figur. Pflanzen Sie diese im Sommer oder Herbst. Die Reifezeit beträgt 13 Tage, danach wird die Produktion alle 3 Tage fortgesetzt.",
        // "fr": "",
        // "hu": "",
        // "it": "",
        // "ja": "",
        "pt": "Com um aroma doce e terroso, que percorre um longo caminho com este híbrido. Plante-as no verão ou outono. Leva 13 dias para amadurecer e continua produzindo a cada 3 dias.",
        // "ru": "",
        // "tr": "",
        "zh": "这种混合大麻带有香甜的泥土芬芳，只需一点就能起到很长的效用。夏天或秋天播种。13天成熟，之后每3天收获一次。",
    }
}