{
    "Name": "Sativa",
    "Product": "Sativa",
    "SeedName": "Sativa Starter",
    "SeedDescription": "Plant these in the fall. Takes 13 days to mature, afterwards it continues to produce every 3 days.",
    "Type": "Flower",
    "Seasons": ["fall"],
    "Phases": [1, 3, 4, 4, 4],
    "RegrowthPhase": 3,
    "HarvestWithScythe": false,
    "TrellisCrop": true,
    "Colors": null,
    "Bonus":
    {
        "MinimumPerHarvest": 2,
        "MaximumPerHarvest": 3,
        "MaxIncreasePerFarmLevel": 5,
        "ExtraChance": 0.2,
    },
    "SeedPurchaseFrom": "Harvey",
    "SeedPurchasePrice": 350,
    "SeedNameLocalization":
    {
         "es": "Iniciador de Sativa",
         "ko": "사티바",
         "de": "Sativa",
         // "fr": "",
         // "hu": "",
         // "it": "",
         // "ja": "",
         "pt": "Iniciador de Sativa",
         // "ru": "",
         // "tr": "",
         "zh": "苜蓿大麻种子",
    },
    "SeedDescriptionLocalization":
    {
         "es": "Plantalos en el otoño. Tarda 13 días en madurar, continua produciendo cada 3 días.",
         "ko": "가을에 심으세요. 성숙 기간은 13일이며, 그 후 생산은 3일마다 계속된다.",
         "de": "Pflanzen Sie diese im Herbst. Die Reifezeit beträgt 13 Tage, danach wird die Produktion alle 3 Tage fortgesetzt.",
         // "fr": "",
         // "hu": "",
         // "it": "",
         // "ja": "",
         "pt": "Plante-as no outono. Leva 13 dias para amadurecer e continua a produzir a cada 3 dias.",
         // "ru": "",
         // "tr": "",
         "zh": "夏天或秋天播种。13天成熟，之后每3天收获一次。",
    }
}