{
    "Name": "Green Crack",
    "Product": "Green Crack",
    "SeedName": "Green Crack Starter",
    "SeedDescription": "A tangy, fruity flavor redolent of mango, this is a great daytime strain. Plant these in the summer or fall. Takes 13 days to mature, afterwards it continues to produce every 3 days.",
    "Type": "Flower",
    "Seasons": ["summer", "fall"],
    "Phases": [2, 3, 4, 4, 3],
    "RegrowthPhase": 3,
    "HarvestWithScythe": false,
    "TrellisCrop": true,
    "Colors": null,
    "Bonus":
    {
        "MinimumPerHarvest": 3,
        "MaximumPerHarvest": 5,
        "MaxIncreasePerFarmLevel": 5,
        "ExtraChance": 0.2,
    },
    "SeedPurchaseFrom": "Harvey",
    "SeedPurchasePrice": 300,
    "SeedNameLocalization":
    {
         "es": "Inciador de Grieta Verde",
         "ko": "녹색 균열",
         "de": "Grüner Crack",
         // "fr": "",
         // "hu": "",
         // "it": "",
         // "ja": "",
         "pt": "Iniciador de Crack Verde",
         // "ru": "",
         // "tr": "",
         "zh": "绿色裂纹种子",
    },
    "SeedDescriptionLocalization":
    {
         "es": "Un fuerte sabor frutal de mango, es un gran relajante diurno. Plantalo en el verano o otoño. Tarda 13 días en madurar, continua produciendo cada 3 días.",
         "ko": "망고를 연상시키는 톡쏘는 듯한 맛의 굉장한 낮 이완제이다. 여름이나 가을에 심으세요. 성숙 기간은 13일이며, 그 후 생산은 3일마다 계속된다.",
         "de": "Eine würzige, fruchtige Note, die an Mango erinnert. Pflanzen Sie diese im Sommer oder Herbst. Die Reifezeit beträgt 13 Tage, danach wird die Produktion alle 3 Tage fortgesetzt.",
         // "fr": "",
         // "hu": "",
         // "it": "",
         // "ja": "",
         "pt": "Um forte sabor frutal de manga, é um bom relaxante diurno. Plante-o no verão ou outono. Leva 13 dias para amadurecer e continua produzindo a cada 3 dias.",
         // "ru": "",
         // "tr": "",
         "zh": "带有强烈的芒果香气，适合白天使用的品系。夏天或秋天播种。13天成熟，之后每3天收获一次。",
    }
}