﻿[
    // B E G I N  C A N N A B I S  K I T  P R O D U C T S

    // Butter Churn

    {
        "ProducerName": "Butter Churn",
        "InputIdentifier": "flower_cannabinoid",
        "InputStack": 1,
        "FuelIdentifier": "-6",
        "FuelStack": 1,
        "MinutesUntilReady": 1080,
        "OutputIdentifier": "Hemp Butter",
        "OutputName": null,
        "PreserveType": null,
        "InputPriceBased": false,
        "OutputPriceIncrement": 200,
        "OutputPriceMultiplier": 2.5,
        "KeepInputQuality": false,
        "OutputQuality": 0,
        "OutputStack": 1,
        "Sounds": ["Ship"],
        "PlacingAnimation": null,
        "PlacingAnimationColorName": "White",
    },

    // Extruder

    /*{
    	"ProducerName": "Extruder", 
    	"InputIdentifier": "flower_cannabinoid", 
    	"InputStack": 1, 
    	"FuelIdentifier": "766", 
    	"FuelStack": 1, 
    	"MinutesUntilReady": 60, 
    	"OutputIdentifier": "Wax",  
    	"OutputName": null,  
    	"PreserveType": null, 
    	"InputPriceBased": false, 
    	"OutputPriceIncrement": 200, 
    	"OutputPriceMultiplier": 2.5, 
    	"KeepInputQuality": false, 
    	"OutputQuality": 0, 
    	"OutputStack": 1, 
    	"Sounds": ["Ship"], 
    	"PlacingAnimation": null, 
    	"PlacingAnimationColorName": "White", 
    },
    {
    	"ProducerName": "Extruder", 
    	"InputIdentifier": "flower_cannabinoid", 
    	"InputStack": 1, 
    	"FuelIdentifier": "340", 
    	"FuelStack": 1, 
    	"MinutesUntilReady": 60, 
    	"OutputIdentifier": "Shatter",  
    	"OutputName": null,  
    	"PreserveType": null, 
    	"InputPriceBased": false, 
    	"OutputPriceIncrement": 200, 
    	"OutputPriceMultiplier": 2.5, 
    	"KeepInputQuality": false, 
    	"OutputQuality": 0, 
    	"OutputStack": 1, 
    	"Sounds": ["Ship"], 
    	"PlacingAnimation": null, 
    	"PlacingAnimationColorName": "White", 
    },*/

    // Wax

    {
        "ProducerName": "Extruder",
        "InputIdentifier": "766",
        "InputStack": 1,
        "FuelIdentifier": "Blue Dream",
        "FuelStack": 1,
        "MinutesUntilReady": 60,
        "OutputIdentifier": "Wax",
        "OutputName": null,
        "PreserveType": null,
        "InputPriceBased": false,
        "OutputPriceIncrement": 200,
        "OutputPriceMultiplier": 2.5,
        "KeepInputQuality": false,
        "OutputQuality": 0,
        "OutputStack": 1,
        "Sounds": ["Ship"],
        "PlacingAnimation": null,
        "PlacingAnimationColorName": "White",
    },
    {
        "ProducerName": "Extruder",
        "InputIdentifier": "766",
        "InputStack": 1,
        "FuelIdentifier": "Cannabis",
        "FuelStack": 1,
        "MinutesUntilReady": 60,
        "OutputIdentifier": "Wax",
        "OutputName": null,
        "PreserveType": null,
        "InputPriceBased": false,
        "OutputPriceIncrement": 200,
        "OutputPriceMultiplier": 2.5,
        "KeepInputQuality": false,
        "OutputQuality": 0,
        "OutputStack": 1,
        "Sounds": ["Ship"],
        "PlacingAnimation": null,
        "PlacingAnimationColorName": "White",
    },
    {
        "ProducerName": "Extruder",
        "InputIdentifier": "766",
        "InputStack": 1,
        "FuelIdentifier": "Girl Scout Cookies",
        "FuelStack": 1,
        "MinutesUntilReady": 60,
        "OutputIdentifier": "Wax",
        "OutputName": null,
        "PreserveType": null,
        "InputPriceBased": false,
        "OutputPriceIncrement": 200,
        "OutputPriceMultiplier": 2.5,
        "KeepInputQuality": false,
        "OutputQuality": 0,
        "OutputStack": 1,
        "Sounds": ["Ship"],
        "PlacingAnimation": null,
        "PlacingAnimationColorName": "White",
    },
    {
        "ProducerName": "Extruder",
        "InputIdentifier": "766",
        "InputStack": 1,
        "FuelIdentifier": "Green Crack",
        "FuelStack": 1,
        "MinutesUntilReady": 60,
        "OutputIdentifier": "Wax",
        "OutputName": null,
        "PreserveType": null,
        "InputPriceBased": false,
        "OutputPriceIncrement": 200,
        "OutputPriceMultiplier": 2.5,
        "KeepInputQuality": false,
        "OutputQuality": 0,
        "OutputStack": 1,
        "Sounds": ["Ship"],
        "PlacingAnimation": null,
        "PlacingAnimationColorName": "White",
    },
    {
        "ProducerName": "Extruder",
        "InputIdentifier": "766",
        "InputStack": 1,
        "FuelIdentifier": "Hemp",
        "FuelStack": 1,
        "MinutesUntilReady": 60,
        "OutputIdentifier": "Wax",
        "OutputName": null,
        "PreserveType": null,
        "InputPriceBased": false,
        "OutputPriceIncrement": 200,
        "OutputPriceMultiplier": 2.5,
        "KeepInputQuality": false,
        "OutputQuality": 0,
        "OutputStack": 1,
        "Sounds": ["Ship"],
        "PlacingAnimation": null,
        "PlacingAnimationColorName": "White",
    },
    {
        "ProducerName": "Extruder",
        "InputIdentifier": "766",
        "InputStack": 1,
        "FuelIdentifier": "Hybrid",
        "FuelStack": 1,
        "MinutesUntilReady": 60,
        "OutputIdentifier": "Wax",
        "OutputName": null,
        "PreserveType": null,
        "InputPriceBased": false,
        "OutputPriceIncrement": 200,
        "OutputPriceMultiplier": 2.5,
        "KeepInputQuality": false,
        "OutputQuality": 0,
        "OutputStack": 1,
        "Sounds": ["Ship"],
        "PlacingAnimation": null,
        "PlacingAnimationColorName": "White",
    },
    {
        "ProducerName": "Extruder",
        "InputIdentifier": "766",
        "InputStack": 1,
        "FuelIdentifier": "Indica",
        "FuelStack": 1,
        "MinutesUntilReady": 60,
        "OutputIdentifier": "Wax",
        "OutputName": null,
        "PreserveType": null,
        "InputPriceBased": false,
        "OutputPriceIncrement": 200,
        "OutputPriceMultiplier": 2.5,
        "KeepInputQuality": false,
        "OutputQuality": 0,
        "OutputStack": 1,
        "Sounds": ["Ship"],
        "PlacingAnimation": null,
        "PlacingAnimationColorName": "White",
    },
    {
        "ProducerName": "Extruder",
        "InputIdentifier": "766",
        "InputStack": 1,
        "FuelIdentifier": "Northern Lights",
        "FuelStack": 1,
        "MinutesUntilReady": 60,
        "OutputIdentifier": "Wax",
        "OutputName": null,
        "PreserveType": null,
        "InputPriceBased": false,
        "OutputPriceIncrement": 200,
        "OutputPriceMultiplier": 2.5,
        "KeepInputQuality": false,
        "OutputQuality": 0,
        "OutputStack": 1,
        "Sounds": ["Ship"],
        "PlacingAnimation": null,
        "PlacingAnimationColorName": "White",
    },
    {
        "ProducerName": "Extruder",
        "InputIdentifier": "766",
        "InputStack": 1,
        "FuelIdentifier": "OG Kush",
        "FuelStack": 1,
        "MinutesUntilReady": 60,
        "OutputIdentifier": "Wax",
        "OutputName": null,
        "PreserveType": null,
        "InputPriceBased": false,
        "OutputPriceIncrement": 200,
        "OutputPriceMultiplier": 2.5,
        "KeepInputQuality": false,
        "OutputQuality": 0,
        "OutputStack": 1,
        "Sounds": ["Ship"],
        "PlacingAnimation": null,
        "PlacingAnimationColorName": "White",
    },
    {
        "ProducerName": "Extruder",
        "InputIdentifier": "766",
        "InputStack": 1,
        "FuelIdentifier": "Satvia",
        "FuelStack": 1,
        "MinutesUntilReady": 60,
        "OutputIdentifier": "Wax",
        "OutputName": null,
        "PreserveType": null,
        "InputPriceBased": false,
        "OutputPriceIncrement": 200,
        "OutputPriceMultiplier": 2.5,
        "KeepInputQuality": false,
        "OutputQuality": 0,
        "OutputStack": 1,
        "Sounds": ["Ship"],
        "PlacingAnimation": null,
        "PlacingAnimationColorName": "White",
    },
    {
        "ProducerName": "Extruder",
        "InputIdentifier": "766",
        "InputStack": 1,
        "FuelIdentifier": "Sour Diesel",
        "FuelStack": 1,
        "MinutesUntilReady": 60,
        "OutputIdentifier": "Wax",
        "OutputName": null,
        "PreserveType": null,
        "InputPriceBased": false,
        "OutputPriceIncrement": 200,
        "OutputPriceMultiplier": 2.5,
        "KeepInputQuality": false,
        "OutputQuality": 0,
        "OutputStack": 1,
        "Sounds": ["Ship"],
        "PlacingAnimation": null,
        "PlacingAnimationColorName": "White",
    },
    {
        "ProducerName": "Extruder",
        "InputIdentifier": "766",
        "InputStack": 1,
        "FuelIdentifier": "Strawberry Cough",
        "FuelStack": 1,
        "MinutesUntilReady": 60,
        "OutputIdentifier": "Wax",
        "OutputName": null,
        "PreserveType": null,
        "InputPriceBased": false,
        "OutputPriceIncrement": 200,
        "OutputPriceMultiplier": 2.5,
        "KeepInputQuality": false,
        "OutputQuality": 0,
        "OutputStack": 1,
        "Sounds": ["Ship"],
        "PlacingAnimation": null,
        "PlacingAnimationColorName": "White",
    },
    {
        "ProducerName": "Extruder",
        "InputIdentifier": "766",
        "InputStack": 1,
        "FuelIdentifier": "White Widow",
        "FuelStack": 1,
        "MinutesUntilReady": 60,
        "OutputIdentifier": "Wax",
        "OutputName": null,
        "PreserveType": null,
        "InputPriceBased": false,
        "OutputPriceIncrement": 200,
        "OutputPriceMultiplier": 2.5,
        "KeepInputQuality": false,
        "OutputQuality": 0,
        "OutputStack": 1,
        "Sounds": ["Ship"],
        "PlacingAnimation": null,
        "PlacingAnimationColorName": "White",
    },

    // Shatter

    {
        "ProducerName": "Extruder",
        "InputIdentifier": "340",
        "InputStack": 1,
        "FuelIdentifier": "Blue Dream",
        "FuelStack": 1,
        "MinutesUntilReady": 60,
        "OutputIdentifier": "Shatter",
        "OutputName": null,
        "PreserveType": null,
        "InputPriceBased": false,
        "OutputPriceIncrement": 200,
        "OutputPriceMultiplier": 2.5,
        "KeepInputQuality": false,
        "OutputQuality": 0,
        "OutputStack": 1,
        "Sounds": ["Ship"],
        "PlacingAnimation": null,
        "PlacingAnimationColorName": "White",
    },
    {
        "ProducerName": "Extruder",
        "InputIdentifier": "340",
        "InputStack": 1,
        "FuelIdentifier": "Cannabis",
        "FuelStack": 1,
        "MinutesUntilReady": 60,
        "OutputIdentifier": "Shatter",
        "OutputName": null,
        "PreserveType": null,
        "InputPriceBased": false,
        "OutputPriceIncrement": 200,
        "OutputPriceMultiplier": 2.5,
        "KeepInputQuality": false,
        "OutputQuality": 0,
        "OutputStack": 1,
        "Sounds": ["Ship"],
        "PlacingAnimation": null,
        "PlacingAnimationColorName": "White",
    },
    {
        "ProducerName": "Extruder",
        "InputIdentifier": "340",
        "InputStack": 1,
        "FuelIdentifier": "Girl Scout Cookies",
        "FuelStack": 1,
        "MinutesUntilReady": 60,
        "OutputIdentifier": "Shatter",
        "OutputName": null,
        "PreserveType": null,
        "InputPriceBased": false,
        "OutputPriceIncrement": 200,
        "OutputPriceMultiplier": 2.5,
        "KeepInputQuality": false,
        "OutputQuality": 0,
        "OutputStack": 1,
        "Sounds": ["Ship"],
        "PlacingAnimation": null,
        "PlacingAnimationColorName": "White",
    },
    {
        "ProducerName": "Extruder",
        "InputIdentifier": "340",
        "InputStack": 1,
        "FuelIdentifier": "Green Crack",
        "FuelStack": 1,
        "MinutesUntilReady": 60,
        "OutputIdentifier": "Shatter",
        "OutputName": null,
        "PreserveType": null,
        "InputPriceBased": false,
        "OutputPriceIncrement": 200,
        "OutputPriceMultiplier": 2.5,
        "KeepInputQuality": false,
        "OutputQuality": 0,
        "OutputStack": 1,
        "Sounds": ["Ship"],
        "PlacingAnimation": null,
        "PlacingAnimationColorName": "White",
    },
    {
        "ProducerName": "Extruder",
        "InputIdentifier": "340",
        "InputStack": 1,
        "FuelIdentifier": "Hemp",
        "FuelStack": 1,
        "MinutesUntilReady": 60,
        "OutputIdentifier": "Shatter",
        "OutputName": null,
        "PreserveType": null,
        "InputPriceBased": false,
        "OutputPriceIncrement": 200,
        "OutputPriceMultiplier": 2.5,
        "KeepInputQuality": false,
        "OutputQuality": 0,
        "OutputStack": 1,
        "Sounds": ["Ship"],
        "PlacingAnimation": null,
        "PlacingAnimationColorName": "White",
    },
    {
        "ProducerName": "Extruder",
        "InputIdentifier": "340",
        "InputStack": 1,
        "FuelIdentifier": "Hybrid",
        "FuelStack": 1,
        "MinutesUntilReady": 60,
        "OutputIdentifier": "Shatter",
        "OutputName": null,
        "PreserveType": null,
        "InputPriceBased": false,
        "OutputPriceIncrement": 200,
        "OutputPriceMultiplier": 2.5,
        "KeepInputQuality": false,
        "OutputQuality": 0,
        "OutputStack": 1,
        "Sounds": ["Ship"],
        "PlacingAnimation": null,
        "PlacingAnimationColorName": "White",
    },
    {
        "ProducerName": "Extruder",
        "InputIdentifier": "340",
        "InputStack": 1,
        "FuelIdentifier": "Indica",
        "FuelStack": 1,
        "MinutesUntilReady": 60,
        "OutputIdentifier": "Shatter",
        "OutputName": null,
        "PreserveType": null,
        "InputPriceBased": false,
        "OutputPriceIncrement": 200,
        "OutputPriceMultiplier": 2.5,
        "KeepInputQuality": false,
        "OutputQuality": 0,
        "OutputStack": 1,
        "Sounds": ["Ship"],
        "PlacingAnimation": null,
        "PlacingAnimationColorName": "White",
    },
    {
        "ProducerName": "Extruder",
        "InputIdentifier": "340",
        "InputStack": 1,
        "FuelIdentifier": "Northern Lights",
        "FuelStack": 1,
        "MinutesUntilReady": 60,
        "OutputIdentifier": "Shatter",
        "OutputName": null,
        "PreserveType": null,
        "InputPriceBased": false,
        "OutputPriceIncrement": 200,
        "OutputPriceMultiplier": 2.5,
        "KeepInputQuality": false,
        "OutputQuality": 0,
        "OutputStack": 1,
        "Sounds": ["Ship"],
        "PlacingAnimation": null,
        "PlacingAnimationColorName": "White",
    },
    {
        "ProducerName": "Extruder",
        "InputIdentifier": "340",
        "InputStack": 1,
        "FuelIdentifier": "OG Kush",
        "FuelStack": 1,
        "MinutesUntilReady": 60,
        "OutputIdentifier": "Shatter",
        "OutputName": null,
        "PreserveType": null,
        "InputPriceBased": false,
        "OutputPriceIncrement": 200,
        "OutputPriceMultiplier": 2.5,
        "KeepInputQuality": false,
        "OutputQuality": 0,
        "OutputStack": 1,
        "Sounds": ["Ship"],
        "PlacingAnimation": null,
        "PlacingAnimationColorName": "White",
    },
    {
        "ProducerName": "Extruder",
        "InputIdentifier": "340",
        "InputStack": 1,
        "FuelIdentifier": "Satvia",
        "FuelStack": 1,
        "MinutesUntilReady": 60,
        "OutputIdentifier": "Shatter",
        "OutputName": null,
        "PreserveType": null,
        "InputPriceBased": false,
        "OutputPriceIncrement": 200,
        "OutputPriceMultiplier": 2.5,
        "KeepInputQuality": false,
        "OutputQuality": 0,
        "OutputStack": 1,
        "Sounds": ["Ship"],
        "PlacingAnimation": null,
        "PlacingAnimationColorName": "White",
    },
    {
        "ProducerName": "Extruder",
        "InputIdentifier": "340",
        "InputStack": 1,
        "FuelIdentifier": "Sour Diesel",
        "FuelStack": 1,
        "MinutesUntilReady": 60,
        "OutputIdentifier": "Shatter",
        "OutputName": null,
        "PreserveType": null,
        "InputPriceBased": false,
        "OutputPriceIncrement": 200,
        "OutputPriceMultiplier": 2.5,
        "KeepInputQuality": false,
        "OutputQuality": 0,
        "OutputStack": 1,
        "Sounds": ["Ship"],
        "PlacingAnimation": null,
        "PlacingAnimationColorName": "White",
    },
    {
        "ProducerName": "Extruder",
        "InputIdentifier": "340",
        "InputStack": 1,
        "FuelIdentifier": "Strawberry Cough",
        "FuelStack": 1,
        "MinutesUntilReady": 60,
        "OutputIdentifier": "Shatter",
        "OutputName": null,
        "PreserveType": null,
        "InputPriceBased": false,
        "OutputPriceIncrement": 200,
        "OutputPriceMultiplier": 2.5,
        "KeepInputQuality": false,
        "OutputQuality": 0,
        "OutputStack": 1,
        "Sounds": ["Ship"],
        "PlacingAnimation": null,
        "PlacingAnimationColorName": "White",
    },
    {
        "ProducerName": "Extruder",
        "InputIdentifier": "340",
        "InputStack": 1,
        "FuelIdentifier": "White Widow",
        "FuelStack": 1,
        "MinutesUntilReady": 60,
        "OutputIdentifier": "Shatter",
        "OutputName": null,
        "PreserveType": null,
        "InputPriceBased": false,
        "OutputPriceIncrement": 200,
        "OutputPriceMultiplier": 2.5,
        "KeepInputQuality": false,
        "OutputQuality": 0,
        "OutputStack": 1,
        "Sounds": ["Ship"],
        "PlacingAnimation": null,
        "PlacingAnimationColorName": "White",
    },

    // Drying Rack

    {
        "ProducerName": "Drying Rack",
        "InputIdentifier": "Hemp",
        "InputStack": 1,
        "FuelIdentifier": null,
        "FuelStack": 1,
        "MinutesUntilReady": 100,
        "OutputIdentifier": "Hemp Cloth",
        "OutputName": null,
        "PreserveType": null,
        "InputPriceBased": false,
        "OutputPriceIncrement": 0,
        "OutputPriceMultiplier": 1.75,
        "KeepInputQuality": false,
        "OutputQuality": 0,
        "OutputStack": 1,
        "Sounds": ["Ship"],
        "PlacingAnimation": null,
        "PlacingAnimationColorName": "White",
    },
    {
        "ProducerName": "Drying Rack",
        "InputIdentifier": "Tobacco",
        "InputStack": 1,
        "FuelIdentifier": null,
        "FuelStack": 1,
        "MinutesUntilReady": 800,
        "OutputIdentifier": "Dried Tobacco",
        "OutputName": null,
        "PreserveType": null,
        "InputPriceBased": false,
        "OutputPriceIncrement": 0,
        "OutputPriceMultiplier": 1.75,
        "KeepInputQuality": false,
        "OutputQuality": 0,
        "OutputStack": 1,
        "Sounds": ["Ship"],
        "PlacingAnimation": null,
        "PlacingAnimationColorName": "White",
    },

    // Oil Maker

    {
        "ProducerName": "Oil Maker",
        "InputIdentifier": "flower_cannabinoid",
        "InputStack": 2,
        "FuelIdentifier": "247",
        "FuelStack": 1,
        "MinutesUntilReady": 480,
        "OutputIdentifier": "CBD Oil",
        "OutputName": null,
        "PreserveType": null,
        "InputPriceBased": false,
        "OutputPriceIncrement": 200,
        "OutputPriceMultiplier": 2.5,
        "KeepInputQuality": false,
        "OutputQuality": 0,
        "OutputStack": 1,
        "Sounds": ["Ship"],
        "PlacingAnimation": null,
        "PlacingAnimationColorName": "White",
    },

    // E N D  C A N N A B I S  K I T  P R O D U C T S
]