{
  "Name": "Vanilla Hair 16-Edited",
  
  "fronthair": {
    "StartingPosition": {
      "X": 0,
      "Y": 0
    },
    "HeadPosition": {
      "X": 0,
      "Y": 0
    },
    "HairSize": {
      "Width": 16,
      "Length": 32
    },
    "RequireAnimationToFinish": false,
    "MovementAnimation": [
      {
        "Frame": 0,
        "Duration": 100
      },
      {
        "Frame": 1,
        "Duration": 100
      },
      {
        "Frame": 2,
        "Duration": 100
      },
      {
        "Frame": 3,
        "Duration": 100
      },
    ],
  },
  "rightHair": {
    "StartingPosition": {
      "X": 0,
      "Y": 32
    },
    "HeadPosition": {
      "X": 0,
      "Y": 0
    },
    "HairSize": {
      "Width": 16,
      "Length": 32
    },
    "RequireAnimationToFinish": false,
    "MovementAnimation": [
      {
        "Frame": 0,
        "Duration": 100
      },
      {
        "Frame": 1,
        "Duration": 100
      },
      {
        "Frame": 2,
        "Duration": 100
      },
      {
        "Frame": 3,
        "Duration": 100
      },
    ],
  },
  "leftHair": {
    "Flipped": true,
    "StartingPosition": {
      "X": 0,
      "Y": 32
    },
    "HeadPosition": {
      "X": 0,
      "Y": 0
    },
    "HairSize": {
      "Width": 16,
      "Length": 32
    },
    "RequireAnimationToFinish": false,
    "MovementAnimation": [
      {
        "Frame": 0,
        "Duration": 100
      },
      {
        "Frame": 1,
        "Duration": 100
      },
      {
        "Frame": 2,
        "Duration": 100
      },
      {
        "Frame": 3,
        "Duration": 100
      },
    ],
  },
  "backHair": {
    "StartingPosition": {
      "X": 0,
      "Y": 64
    },
    "HeadPosition": {
      "X": 0,
      "Y": 0
    },
    "HairSize": {
      "Width": 16,
      "Length": 48
    },
    "RequireAnimationToFinish": false,
    "MovementAnimation": [
      {
        "Frame": 0,
        "Duration": 100
      },
      {
        "Frame": 1,
        "Duration": 100
      },
      {
        "Frame": 2,
        "Duration": 100
      },
      {
        "Frame": 3,
        "Duration": 100
      },
    ],
  }
}	
