{
    "Name": "Hemp Cloth",
    "Description": "A more sustainable type of cloth.",
    "Category": "ArtisanGoods",
    "Edibility": -300,
    "Price": 130,
    "IsColored": false,
    "Recipe": null,
    "GiftTastes":
    {
        "Love": ["Emily", "Linus", "Leah", "Maru"],
        "Neutral": ["Sam", "Sebastian", "Pierre", "Penny", "Pam", "Kent", "Abigail", "Elliott", "Harvey", "Willy"],
        "Hate": ["Jas", "Vincent"],
    },
    "NameLocalization":
    {
         "es": "Paño de cañamo",
         // "ko": "",
         "de": "Hanf Kleidung",
         // "fr": "",
         // "hu": "",
         // "it": "",
         // "ja": "",
         "pt": "Pano de Cânhamo",
         // "ru": "",
         // "tr": "",
         "zh": "工业大麻布料",
    },
    "DescriptionLocalization":
    {
         "es": "Un tipo sustentable de paño.",
         // "ko": "",
         "de": "Eine nachhaltigere Art von Stoff.",
         // "fr": "",
         // "hu": "",
         // "it": "",
         // "ja": "",
         "pt": "Uma espécie sustentável de pano.",
         // "ru": "",
         // "tr": "",
         "zh": "一种更可持续的布料。",
    }
}