{
    "Name": "Wax",
    "Description": "Also known as BHO, this is a a thick, hard, wax-like substance that is highly hallucinagenic and very potent when smoked.",
    "Category": "ArtisanGoods",
    "Edibility": 18,
    "EdibleIsDrink": false,
    "EdibleBuffs":
    {
        "Farming": 0,
        "Foraging": 0,
        "Mining": 0,
        "Fishing": 0,
        "Luck": 5,
        "Speed": -2,
        "Duration": 450,
    },
    "Price": 100,
    "IsColored": false,
    "Recipe": null,
    "GiftTastes":
    {
        "Love": ["Harvey", "Kent"],
        "Neutral": ["Krobus", "Evelyn", "Pierre", "Caroline", "Jodi", "Sam", "Sebastian", "Penny", "Pam", "Abigail", "Elliott", "Willy", "George"],
        "Hate": ["Jas", "Vincent"],
    },
    "NameLocalization":
    {
         "es": "Cera",
         // "ko": "",
         "de": "Wachs",
         // "fr": "",
         // "hu": "",
         // "it": "",
         // "ja": "",
         "pt": "Cera",
         // "ru": "",
         // "tr": "",
         "zh": "蜡",
    },
    "DescriptionLocalization":
    {
         "es": "También conocida cómo BHO, Es una gruesa, dura subtancia como la cera que es altamente alucinógena y muy potente cuando se fuma.",
         // "ko": "",
         "de": "Auch als BHO bekannt, dies ist eine dicke, harte, wachsartige Substanz, die sehr halluzinagen und beim Rauchen sehr stark ist.",
         // "fr": "",
         // "hu": "",
         // "it": "",
         // "ja": "",
         "pt": "Também conhecida como BHO, é uma substância dura e grossa como a cera que é altamente alucinógena e muito potente quando fumada.",
         // "ru": "",
         // "tr": "",
         "zh": "也被称为丁烷蜜油，是一种粘稠坚硬的蜡状物质，非常强力且具有高致幻性。",
    }
}