{
    "Name": "Honey Stick",
    "Description": "Sweet, sticky honey.",
    "Category": "Cooking",
    "Edibility": 11,
    "EdibleIsDrink": false,
    "EdibleBuffs":
    {
        "Farming": 0,
        "Foraging": 0,
        "Mining": 0,
        "Fishing": 0,
        "Luck": 0,
        "Foraging": 0,
        "MaxStamina": 0,
        "MagnetRadius": 0,
        "Speed": 1,
        "Defense": 0,
        "Attack": 0,
        "Duration": 240,
    },
    "Price": 180,
    "IsColored": false,
    "Recipe":
    {
        "ResultCount": 1,
        "Ingredients": [
        {
            "Object": 340,
            "Count": 1,
        },
        {
            "Object": "Cannabis",
            "Count": 1,
        }],
        "CanPurchase": true,
        "PurchaseFrom": "Krobus",
        "PurchasePrice": 1500,
        "PurchaseRequirements": null,
    },
    "GiftTastes":
    {
        "Love": ["Sebastian", "Sam", "Abigail", "Haley", "Emily", "Shane", "Alex", "Harvey"],
        "Hate": ["Jas", "Vincent"],
    },
    "NameLocalization":
    {
         "es": "Palo de Miel",
         // "ko": "",
         "de": "Honigstangeg",
         // "fr": "",
         // "hu": "",
         // "it": "",
         // "ja": "",
         "pt": "Pau de Mel",
         // "ru": "",
         // "tr": "",
         "zh": "蜂蜜棒",
    },
    "DescriptionLocalization":
    {
         "es": "Dulce y pegajosa miela.",
         // "ko": "",
         "de": "Süßer, klebriger Honig",
         // "fr": "",
         // "hu": "",
         // "it": "",
         // "ja": "",
         "pt": "Mel doce e pegajoso.",
         // "ru": "",
         // "tr": "",
         "zh": "甜而黏的蜂蜜。",
    }
}