{
    "Name": "Tobacco",
    "Product": "Tobacco",
    "SeedName": "Tobacco Seeds",
    "SeedDescription": "Plant these in the spring or summer. Takes 7 days to mature.",
    "Type": "Flower",
    "Seasons": ["spring", "summer"],
    "Phases": [1, 2, 2, 2],
    "RegrowthPhase": -1,
    "HarvestWithScythe": false,
    "TrellisCrop": false,
    "Colors": null,
    "Bonus":
    {
        "MinimumPerHarvest": 1,
        "MaximumPerHarvest": 2,
        "MaxIncreasePerFarmLevel": 5,
        "ExtraChance": 0.1,
    },
    "SeedPurchasePrice": 30,
    "SeedNameLocalization":
    {
         "es": "Semillas de Tabaco",
         "ko": "담배",
         "de": "Tabak",
         // "fr": "",
         // "hu": "",
         // "it": "",
         // "ja": "",
         "pt": "Sementes de Tabaco",
         // "ru": "",
         // "tr": "",
         "zh": "烟草种子",
    },
    "SeedDescriptionLocalization":
    {
         "es": "Plantalas en la primavera o verano, tardan 7 días en madurar.",
         "ko": "봄이나 여름에 심으세요. 성숙 기간은 7일이다.",
         "de": "Pflanzen Sie diese im Frühjahr oder Sommer. Die Reifung dauert 7 Tage.",
         // "fr": "",
         // "hu": "",
         // "it": "",
         // "ja": "",
         "pt": "Plante-as na primavera ou verão. Leva 7 dias para amadurecer.",
         // "ru": "",
         // "tr": "",
         "zh": "春天或夏天播种。7天成熟，",
    }
}