{
    "Name": "Dried Tobacco",
    "Description": "Good for making spliffs and smoking alone.",
    "Category": "ArtisanGoods",
    "Edibility": -300,
    "Price": 50,
    "IsColored": false,
    "Recipe": null,
    "NameLocalization":
    {
        "es": "Tabaco Seco",
        // "ko": "",
        "de": "Getrockneter Tabak",
        // "fr": "",
        // "hu": "",
        // "it": "",
        // "ja": "",
        "pt": "Tabaco Seco",
        // "ru": "",
        // "tr": "",
        "zh": "干烟草",
    },
    "DescriptionLocalization":
    {
        "es": "Bueno para hacer cigarros y fumarlos sólo.",
        // "ko": "",
        "de": "Gut um alleine zu Rauchen und Spaß zu haben",
        // "fr": "",
        // "hu": "",
        // "it": "",
        // "ja": "",
        "pt": "Bom para fazer cigarros e fumar sozinho.",
        // "ru": "",
        // "tr": "",
        "zh": "适合制成卷烟或者独自吸烟。",
    }
}