{
    "Name": "Northern Lights",
    "Product": "Northern Lights",
    "SeedName": "Northern Lights Starter",
    "SeedDescription": "A popular strain of cannabis indica which relieves pain and sleeplessness while being left mellow. Plant these in the summer. Takes 10 days to mature, afterwards it continues to produce every 3 days.",
    "Type": "Flower",
    "Seasons": ["summer"],
    "Phases": [1, 2, 3, 4, 3],
    "RegrowthPhase": 3,
    "HarvestWithScythe": false,
    "TrellisCrop": true,
    "Colors": null,
    "Bonus":
    {
        "MinimumPerHarvest": 3,
        "MaximumPerHarvest": 5,
        "MaxIncreasePerFarmLevel": 5,
        "ExtraChance": 0.1,
    },
    "SeedPurchaseFrom": "Harvey",
    "SeedPurchasePrice": 300,
    "SeedNameLocalization":
    {
        "es": "Iniciador de Luces del Norte",
        "ko": "노던 라이트",
        "de": "Nordlicht",
        // "fr": "",
        // "hu": "",
        // "it": "",
        // "ja": "",
        "pt": "Iniciador de Luzes do Norte",
        // "ru": "",
        // "tr": "",
        "zh": "北极光种子",
    },
    "SeedDescriptionLocalization":
    {
        "es": "Una variedad popular de cannabis indica que alivia el dolor e insomio mientras te deja tranquilo. Plantalo en el verano. Tarda 10 días en madurar, continua produciendo cada 3 días.",
        "ko": "통증과 불면증을 완화시켜 주는 인기 있는 대마초 인디카 품종이다. 여름에 심으세요. 성숙 기간은 10일이며, 그 후 생산은 3일마다 계속된다.",
        "de": "Eine beliebte Sorte von Cannabis Indica, die Schmerzen und Schlaflosigkeit lindert, während sie weich bleibt. Pflanzen Sie diese im Sommer. Die Reifezeit beträgt 10 Tage. Danach wird die Produktion alle 3 Tage fortgesetzt.",
        // "fr": "",
        // "hu": "",
        // "it": "",
        // "ja": "",
        "pt": "Uma variedade popular de maconha que alivia a dor e insônio enquanto te deixa tranquilo. Plente-a no verão. Leva 10 dias para amadurecer e continua produzindo a cada 3 dias.",
        // "ru": "",
        // "tr": "",
        "zh": "一种印度大麻的流行品系，味道醇厚，可以缓解疼痛和失眠。夏季播种。10天成熟，之后每3天收获一次。",
    }
}