{
  "Name": "Undercut-Half Bob",
  "FrontHair": {
    "UseBaldHead": true,
    "StartingPosition": {
      "X": 0,
      "Y": 0
    },
    "HeadPosition": {
      "X": 0,
      "Y": 0
    },
    "HairSize": {
      "Width": 16,
      "Length": 16
    },
    "RequireAnimationToFinish": true,
    "MovementAnimation": [
      {
        "Frame": 0,
        "Duration": 100
      },
      {
        "Frame": 1,
        "Duration": 100
      },
      {
        "Frame": 2,
        "Duration": 100
      },
      {
        "Frame": 3,
        "Duration": 100
      },
    ],
  },
  "LeftHair": {
    "UseBaldHead": true,
    "StartingPosition": {
      "X": 0,
      "Y": 16
    },
    "HeadPosition": {
      "X": 0,
      "Y": 0
    },
    "HairSize": {
      "Width": 16,
      "Length": 16
    },
    "RequireAnimationToFinish": true,
    "MovementAnimation": [
      {
        "Frame": 0,
        "Duration": 100
      },
      {
        "Frame": 1,
        "Duration": 100
      },
      {
        "Frame": 2,
        "Duration": 100
      },
      {
        "Frame": 3,
        "Duration": 100
      },
    ],
  },
  "RightHair": {
    "UseBaldHead": true,
    "StartingPosition": {
      "X": 0,
      "Y": 32
    },
    "HeadPosition": {
      "X": 0,
      "Y": 0
    },
    "HairSize": {
      "Width": 16,
      "Length": 16
    },
    "RequireAnimationToFinish": true,
    "MovementAnimation": [
      {
        "Frame": 0,
        "Duration": 100
      },
      {
        "Frame": 1,
        "Duration": 100
      },
      {
        "Frame": 2,
        "Duration": 100
      },
      {
        "Frame": 3,
        "Duration": 100
      },
    ],
  },
  "BackHair": {
    "UseBaldHead": true,
    "StartingPosition": {
      "X": 0,
      "Y": 48
    },
    "HeadPosition": {
      "X": 0,
      "Y": 0
    },
    "HairSize": {
      "Width": 16,
      "Length": 16
    },
    "RequireAnimationToFinish": true,
    "MovementAnimation": [
      {
        "Frame": 0,
        "Duration": 100
      },
      {
        "Frame": 1,
        "Duration": 100
      },
      {
        "Frame": 2,
        "Duration": 100
      },
      {
        "Frame": 3,
        "Duration": 100
      },
    ],
  },
}	
