{
    "Name": "Strawberry Cough",
    "Description": "A combination of stimulating sativa and relaxing indica, hybrid strains are the best of both worlds.",
    "Category": "Flower",
    "Edibility": 10,
    "Price": 20,
    "IsColored": false,
    "Recipe": null,
    "GiftTastes":
    {
        "Love": ["Sebastian", "Sam", "Abigail"],
        "Neutral": ["Robin", "Demetrius", "Pierre", "Penny", "Pam", "Kent", "Elliott", "Harvey", "Willy", "Lewis", "Clint"],
        "Hate": ["Jas", "Vincent"],
    },
    "NameLocalization":
    {
         "es": "Tos de Frutilla",
         // "ko": "",
         "de": "Erdbeerhusten",
         // "fr": "",
         // "hu": "",
         // "it": "",
         // "ja": "",
         "pt": "Tosse de Morango",
         // "ru": "",
         // "tr": "",
         "zh": "草莓咳嗽",
    },
    "DescriptionLocalization":
    {
         "es": "Una combinación de sativa estimulante e indica relajante, cepas híbridas son lo mejor de ambos mundos.",
         // "ko": "",
         "de": "Hybrid-Sorten sind eine Kombination aus stimulierender Sativa und entspannender Indica, das Beste aus beiden",
         // "fr": "",
         // "hu": "",
         // "it": "",
         // "ja": "",
         "pt": "Uma combinação de maconha estimulante e índica relaxante, as cepas híbridas são o melhor dos dois mundos.",
         // "ru": "",
         // "tr": "",
         "zh": "刺激的苜蓿大麻和放松的印度大麻的组合，杂交品系可以做到两全其美。",
    },
    "ContextTags": [
        "season_summer",
        "season_fall",
        "flower_item",
        "flower_cannabinoid",
        "trellis_item"
    ]
}
