{
    "Name": "Pot Brownie",
    "Description": "Something doesn't taste quite right about this brownie.",
    "Category": "Cooking",
    "Edibility": 25,
    "EdibleIsDrink": false,
    "EdibleBuffs":
    {
        "Farming": 0,
        "Foraging": 0,
        "Mining": 0,
        "Fishing": 0,
        "Luck": 2,
        "Duration": 600,
    },
    "Price": 250,
    "IsColored": false,
    "Recipe":
    {
        "ResultCount": 1,
        "Ingredients": [
        {
            "Object": -6,
            "Count": 1,
        },
        {
            "Object": 245,
            "Count": 1,
        },
        {
            "Object": -5,
            "Count": 1,
        },
        {
            "Object": "Cannabis",
            "Count": 1,
        }],
        "IsDefault": true,
    },
    "GiftTastes":
    {
        "Love": ["Sebastian", "Sam", "Abigail"],
        "Neutral": ["Robin", "Demetrius", "Pierre", "Penny", "Pam", "Kent", "Elliott", "Harvey", "Willy", "Lewis", "Clint"],
        "Hate": ["Jas", "Vincent"],
    },
    "NameLocalization":
    {
        "es": "Brownie de Marihuana",
        // "ko": "",
        "de": "Marihuana Brownie",
        // "fr": "",
        // "hu": 
        // "it": "",
        // "ja": "",
        "pt": "Brownie de Maconha",
        // "ru": "",
        // "tr": "",
        "zh": "大麻布朗尼",
    },
    "DescriptionLocalization":
    {
        "es": "Algo no sabe del todo bien en este Brownie.",
        // "ko": "",
        "de": "Etwas schmeckt an diesem Brownie nicht ganz richtig.",
        // "fr": "",
        // "hu": "",
        // "it": "",
        // "ja": "",
        "pt": "Alguém não gostou muito de todo deste brownie.",
        // "ru": "",
        // "tr": "",
        "zh": "这个布朗尼有些不对劲。",
    }
}