{
    "Name": "Indica",
    "Description": "This short, bushy plant is ideal for full body relaxation with its high resin production and short flowering time.",
    "Category": "Vegetable",
    "Edibility": 18,
    "Price": 30,
    "IsColored": false,
    "Recipe": null,
    "GiftTastes":
    {
        "Love": ["Sebastian", "Sam", "Abigail"],
        "Neutral": ["Robin", "Demetrius", "Pierre", "Penny", "Pam", "Kent", "Elliott", "Harvey", "Willy", "Lewis", "Clint"],
        "Hate": ["Jas", "Vincent"],
    },
    "NameLocalization":
    {
         "es": "Indica",
         // "ko": "",
         "de": "Indica",
         // "fr": "",
         // "hu": "",
         // "it": "",
         // "ja": "",
         "pt": "Índica",
         // "ru": "",
         // "tr": "",
         "zh": "印度大麻",
    },
    "DescriptionLocalization":
    {
         "es": "Esta corta y tupida planta es idea para la relajación completa del cuerpo con su alta producción de resina y corto tiempo de floración.",
         // "ko": "",
         "de": "Diese kurze, buschige Pflanze ist mit ihrer hohen Harzproduktion und kurzen Blütezeit ideal für hohe Gewinne.",
         // "fr": "",
         // "hu": "",
         // "it": "",
         // "ja": "",
         "pt": "Esta planta espessa e pequena é ideal para o relaxamento completo do corpo com sua alta produção de resina e curto tempo de floração.",
         // "ru": "",
         // "tr": "",
         "zh": "这种矮而多叶的植物，因树脂产量高、花期短，非常适合全身放松。",
    },
    "ContextTags": [
        "season_summer",
        "flower_item",
        "flower_cannabinoid",
        "trellis_item"
    ]
}
