{
    "Name": "Hemp Butter",
    "Description": "A homemade butter with hemp added in.",
    "Category": "ArtisanGoods",
    "Edibility": 18,
    "Price": 120,
    "IsColored": false,
    "Recipe": null,
    "GiftTastes":
    {
        "Love": ["Sebastian", "Gus", "Willy", "Evelyn", "Pierre", "Abigail"],
        "Hate": ["Jas", "Vincent"],
    },
    "NameLocalization":
    {
         "es": "Manteca de Cañamo",
         // "ko": "",
         "de": "Hanfbutter",
         // "fr": "",
         // "hu": "",
         // "it": "",
         // "ja": "",
         "pt": "Manteiga de Cânhamo",
         // "ru": "",
         // "tr": "",
         "zh": "工业大麻黄油",
    },
    "DescriptionLocalization":
    {
         "es": "Una manteca cacera con cáñamo de Cannabis añadido.",
         // "ko": "",
         "de": "Eine hausgemachte Butter mit Hanf.",
         // "fr": "",
         // "hu": "",
         // "it": "",
         // "ja": "",
         "pt": "Uma manteiga caseira com cânhamo adicionado.",
         // "ru": "",
         // "tr": "",
         "zh": "一种加入了工业大麻的自制黄油。",
    }
}