{
    "Name": "Cannabis",
    "Product": "Cannabis",
    "SeedName": "Cannabis Starter",
    "SeedDescription": "Plant these in the spring, summer, or fall. Takes 12 days to mature, afterwards it continues to produce every 4 days.",
    "Type": "Flower",
    "Seasons": ["spring", "summer", "fall"],
    "Phases": [1, 3, 4, 4, 4],
    "RegrowthPhase": 3,
    "HarvestWithScythe": false,
    "TrellisCrop": true,
    "Colors": null,
    "Bonus":
    {
        "MinimumPerHarvest": 2,
        "MaximumPerHarvest": 5,
        "MaxIncreasePerFarmLevel": 5,
        "ExtraChance": 0.1,
    },
    "SeedPurchaseFrom": "Harvey",
    "SeedPurchasePrice": 1000,
    "SeedNameLocalization":
    {
        "es": "Iniciador de Cannabis",
        "ko": "대마초",
        "de": "Cannabis",
        // "fr": "",
        // "hu": "",
        // "it": "",
        // "ja": "",
        "pt": "Iniciador de Maconha",
        // "ru": "",
        // "tr": "",
        "zh": "大麻种子",
    },
    "SeedDescriptionLocalization":
    {
        "es": "Plántalos en la primavera, verano o otoño. Tarda 12 días en madurar, continúa produciendo cada 4 días.",
        "ko": "봄, 여름이나 가을에 심으세요. 성숙 기간은 12일이며, 그 후 생산은 4일마다 계속된다.",
        "de": "Pflanzen Sie diese im Frühjahr, Sommer oder Herbst. Die Reifezeit beträgt 12 Tage. Danach wird die Produktion alle 4 Tage fortgesetzt.",
        // "fr": "",
        // "hu": "",
        // "it": "",
        // "ja": "",
        "pt": "Plante-as na primavera, verão ou outono. Leva 12 dias para amadurecer e continua produzindo a cada 4 dias.",
        // "ru": "",
        // "tr": "",
        "zh": "春天、夏天或秋天播种。12天成熟。之后每4天收获一次。",
    }
}