{
    "Name": "Indica",
    "Product": "Indica",
    "SeedName": "Indica Starter",
    "SeedDescription": "Plant these in the summer. Takes 13 days to mature, afterwards it continues to produce every 3 days.",
    "Type": "Flower",
    "Seasons": ["summer"],
    "Phases": [2, 3, 4, 4, 3],
    "RegrowthPhase": 3,
    "HarvestWithScythe": false,
    "TrellisCrop": true,
    "Colors": null,
    "Bonus":
    {
        "MinimumPerHarvest": 3,
        "MaximumPerHarvest": 5,
        "MaxIncreasePerFarmLevel": 5,
        "ExtraChance": 0.2,
    },
    "SeedPurchaseFrom": "Harvey",
    "SeedPurchasePrice": 300,
    "SeedNameLocalization":
    {
        "es": "Iniciador de Indica",
        "ko": "인디카",
        "de": "Indica",
        // "fr": "",
        // "hu": "",
        // "it": "",
        // "ja": "",
        "pt": "Iniciador de Índica",
        // "ru": "",
        // "tr": "",
        "zh": "印度大麻种子",
    },
    "SeedDescriptionLocalization":
    {
        "es": "Plantalo en el verano. Tarda 13 días en madurar, continua produciendo cada 3 días.",
        "ko": "여름에 심으세요. 성숙 기간은 13일이며, 그 후 생산은 3일마다 계속된다.",
        "de": "Pflanzen Sie diese im Sommer. Die Reifezeit beträgt 13 Tage, danach wird die Produktion alle 3 Tage fortgesetzt.",
        // "fr": "",
        // "hu": "",
        // "it": "",
        // "ja": "",
        "pt": "Plante-a no verão. Leva 13 dias para amadurecer e continua produzindo a cada 3 dias.",
        // "ru": "",
        // "tr": "",
        "zh": "夏天或秋天播种。13天成熟，之后每3天收获一次。",
    }
}