{
    "Name": "Cannabis",
    "Description": "Pelican Town has recently leagalized cannabis, Pierre now sells seeds at a premium.",
    "Category": "Flower",
    "Edibility": 10,
    "Price": 30,
    "IsColored": false,
    "Recipe": null,
    "GiftTastes":
    {
        "Love": ["Abigail", "Emily", "Sebastian"],
        "Like": ["Elliott", "Harvey", "Krobus", "Leah", "Linus", "Pam", "Pierre", "Sam", "Sandy", "Shane", "Wizard"],
        "Neutral": ["Clint", "Dwarf", "Evelyn", "George", "Gus", "Kent", "Lewis", "Marnie", "Maru", "Willy"],
        "Dislike": ["Caroline", "Demetrius"],
        "Hate": ["Alex", "Haley", "Jas", "Jodi", "Penny", "Robin", "Vincent"]
    },
    "NameLocalization":
    {
         "es": "Cannabis",
         // "ko": "",
         "de": "CBD Öl",
         // "fr": "",
         // "hu": "",
         // "it": "",
         // "ja": "",
         "pt": "Maconha",
         // "ru": "",
         // "tr": "",
         "zh": "大麻",
    },
    "DescriptionLocalization":
    {
         "es": "Pueblo Pelicano ha legalizado el cannabis recientemente, ahora Pierre vende las semillas aun precio superior.",
         // "ko": "",
         "de": "Ein Öl mit wunderbaren gesundheitlichen Vorteilen.",
         // "fr": "",
         // "hu": "",
         // "it": "",
         // "ja": "",
         "pt": "A Vila Pelicanos legalizou a maconha recentemente, agora Pierre vende as sementes como artigo de luxo.",
         // "ru": "",
         // "tr": "",
         "zh": "鹈鹕镇最近合法化了大麻，可以在皮埃尔处高价购买种子。",
    },
    "ContextTags": [
        "season_spring",
        "season_summer",
        "season_fall",
        "flower_item",
        "flower_cannabinoid",
        "trellis_item"
    ]
}
