{
  "Name": "Twin Wavy Ponytails-Short",
  
  "FrontHair": {
    "StartingPosition": {
      "X": 0,
      "Y": 0
    },
    "HeadPosition": {
      "X": 8,
      "Y": 0
    },
    "HairSize": {
      "Width": 32,
      "Length": 32
    },
    "RequireAnimationToFinish": false,
    "MovementAnimation": [
     
      {
        "Frame": 1,
        "Duration": 75
      },
      {
        "Frame": 2,
        "Duration": 75
      }, 
	  {
        "Frame": 3,
        "Duration": 75
      },
      {
        "Frame": 4,
        "Duration": 75
      }, 
	  {
        "Frame": 5,
        "Duration": 75
      },
      {
        "Frame": 6,
        "Duration": 75
      },
      {
        "Frame": 7,
        "Duration": 75
      }, 
	  {
        "Frame": 8,
        "Duration": 75
      },
      {
        "Frame": 9,
        "Duration": 75
      },
    ]
  },
   "RightHair": {
    "StartingPosition": {
      "X": 0,
      "Y": 32
    },
    "HeadPosition": {
      "X": 8,
      "Y": 0
    },
    "HairSize": {
      "Width": 32,
      "Length": 32
    },
    "IdleAnimation": [
      {
        "Frame": 0,
        "Duration": 75
      }
    ],
    "RequireAnimationToFinish": false,
    "MovementAnimation": [
      
      {
        "Frame": 1,
        "Duration": 75
      },
      {
        "Frame": 2,
		"OverrideStartingIndex": "true",
        "Duration": 75
      },
      {
        "Frame": 3,
        "Duration": 75
      },
      {
        "Frame": 4,
        "Duration": 75
      },
      {
        "Frame": 5,
        "Duration": 75,
  
      },
      {
        "Frame": 6,
        "Duration": 75,
  
      },
      {
        "Frame": 7,
        "Duration": 75,
  
      },
      {
        "Frame": 8,
        "Duration": 75,
  
      },
      {
        "Frame": 9,
        "Duration": 75,
  
      },
      {
        "Frame": 10,
        "Duration": 75
      },
    ]
  },
  "LeftHair": {
    "Flipped": true,
    "StartingPosition": {
      "X": 0,
      "Y": 32
    },
    "HeadPosition": {
      "X": 8,
      "Y": 0
    },
    "HairSize": {
      "Width": 32,
      "Length": 32
    },
    "IdleAnimation": [
      {
        "Frame": 0,
        "Duration": 75
      }
    ],
    "RequireAnimationToFinish": false,
    "MovementAnimation": [
      
      {
        "Frame": 1,
        "Duration": 75
      },
      {
        "Frame": 2,
		"OverrideStartingIndex": "true",
        "Duration": 75
      },
      {
        "Frame": 3,
        "Duration": 75
      },
      {
        "Frame": 4,
        "Duration": 75
      },
      {
        "Frame": 5,
        "Duration": 75,
  
      },
      {
        "Frame": 6,
        "Duration": 75,
  
      },
      {
        "Frame": 7,
        "Duration": 75,
  
      },
      {
        "Frame": 8,
        "Duration": 75,
  
      },
      {
        "Frame": 9,
        "Duration": 75,
  
      },
      {
        "Frame": 10,
        "Duration": 75
      },
    ]
  },
  "BackHair": {
    "StartingPosition": {
      "X": 0,
      "Y": 64
    },
    "HeadPosition": {
      "X": 8,
      "Y": 0
    },
    "HairSize": {
      "Width": 32,
      "Length": 32
    },
	
    "RequireAnimationToFinish": false,
    "MovementAnimation": [
    
      {
        "Frame": 1,
        "Duration": 75
      },
      {
        "Frame": 2,
        "Duration": 75
      }, 
	  {
        "Frame": 3,
        "Duration": 75
      },
      {
        "Frame": 4,
        "Duration": 75
      }, 
	  {
        "Frame": 5,
        "Duration": 75
      },
      {
        "Frame": 6,
        "Duration": 75
      },
      {
        "Frame": 7,
        "Duration": 75
      }, 
	  {
        "Frame": 8,
        "Duration": 75
      },
      {
        "Frame": 9,
        "Duration": 75
      },
    ]
  }
}
